{"cameraMode":{"drawMode":0,"name":"Shaded","section":"Shading Mode"},"sceneLighting":false,"audioPlay":false,"sceneViewState":{"showFog":true,"showMaterialUpdate":true,"showSkybox":false,"showFlares":true,"showImageEffects":true,"showParticleSystems":true,"showVisualEffectGraphs":true,"m_FxEnabled":true},"in2DMode":false,"pivot":{"x":-29.600000381469728,"y":0.6000000238418579,"z":-7.110000133514404},"rotation":{"x":0.5447226762771606,"y":0.027085307985544206,"z":-0.01779361069202423,"w":0.8381865620613098},"size":1.3928388357162476,"orthographic":false}