{"cameraMode":{"drawMode":0,"name":"Shaded","section":"Shading Mode"},"sceneLighting":true,"audioPlay":false,"sceneViewState":{"showFog":true,"showMaterialUpdate":false,"showSkybox":true,"showFlares":true,"showImageEffects":true,"showParticleSystems":true,"showVisualEffectGraphs":true,"m_FxEnabled":true},"in2DMode":false,"pivot":{"x":-128.43975830078126,"y":132.598876953125,"z":200.28936767578126},"rotation":{"x":0.09166603535413742,"y":0.017918705940246583,"z":-0.001650151563808322,"w":0.995629608631134},"size":341.9813232421875,"orthographic":false}