{"cameraMode":{"drawMode":0,"name":"Shaded","section":"Shading Mode"},"sceneLighting":true,"audioPlay":false,"sceneViewState":{"showFog":true,"showMaterialUpdate":true,"showSkybox":true,"showFlares":true,"showImageEffects":true,"showParticleSystems":true},"in2DMode":false,"pivot":{"x":-4.263393402099609,"y":0.6535806655883789,"z":5.125229835510254},"rotation":{"x":-0.10863040387630463,"y":0.8423550128936768,"z":-0.18510562181472779,"w":-0.49434158205986025},"size":23.881467819213868,"orthographic":false}