{"cameraMode":{"drawMode":0,"name":"Shaded","section":"Shading Mode"},"sceneLighting":true,"audioPlay":false,"sceneViewState":{"showFog":true,"showMaterialUpdate":false,"showSkybox":true,"showFlares":true,"showImageEffects":true,"showParticleSystems":true,"showVisualEffectGraphs":true,"m_FxEnabled":true},"in2DMode":false,"pivot":{"x":596.0728759765625,"y":72.05754852294922,"z":482.45281982421877},"rotation":{"x":0.16361159086227418,"y":-0.02367398329079151,"z":0.003927386365830898,"w":0.986233651638031},"size":177.39767456054688,"orthographic":false}