{"cameraMode":{"drawMode":0,"name":"Shaded","section":"Shading Mode"},"sceneLighting":true,"audioPlay":false,"sceneViewState":{"showFog":true,"showMaterialUpdate":false,"showSkybox":true,"showFlares":true,"showImageEffects":true,"showParticleSystems":true,"showVisualEffectGraphs":true,"m_FxEnabled":true},"in2DMode":false,"pivot":{"x":724.8568725585938,"y":28.652908325195314,"z":1038.9488525390625},"rotation":{"x":0.18034672737121583,"y":-0.2034459412097931,"z":0.038155876100063327,"w":0.9615793228149414},"size":97.52415466308594,"orthographic":false}