{"cameraMode":{"drawMode":0,"name":"Shaded","section":"Shading Mode"},"sceneLighting":true,"audioPlay":false,"sceneViewState":{"showFog":true,"showMaterialUpdate":true,"showSkybox":false,"showFlares":true,"showImageEffects":true,"showParticleSystems":true,"showVisualEffectGraphs":true,"m_FxEnabled":true},"in2DMode":false,"pivot":{"x":561.7000122070313,"y":16.600000381469728,"z":548.7000122070313},"rotation":{"x":0.5447226762771606,"y":0.027085307985544206,"z":-0.01779361069202423,"w":0.8381865620613098},"size":1.6294114589691163,"orthographic":false}