{"cameraMode":{"drawMode":0,"name":"Shaded","section":"Shading Mode"},"sceneLighting":true,"audioPlay":false,"sceneViewState":{"showFog":true,"showMaterialUpdate":true,"showSkybox":true,"showFlares":true,"showImageEffects":true,"showParticleSystems":true},"in2DMode":false,"pivot":{"x":-4.653253078460693,"y":-5.634435653686523,"z":3.0302650928497316},"rotation":{"x":-0.2610888183116913,"y":0.18734519183635713,"z":-0.051726896315813068,"w":-0.9455519318580627},"size":23.071439743041993,"orthographic":false}