{"cameraMode":{"drawMode":0,"name":"Shaded","section":"Shading Mode"},"sceneLighting":true,"audioPlay":false,"sceneViewState":{"showFog":true,"showMaterialUpdate":true,"showSkybox":true,"showFlares":true,"showImageEffects":true,"showParticleSystems":true},"in2DMode":false,"pivot":{"x":8.073205947875977,"y":-2.353069305419922,"z":1.858673095703125},"rotation":{"x":-0.405244380235672,"y":0.2347695529460907,"z":-0.10849619656801224,"w":-0.8768713474273682},"size":64.36297607421875,"orthographic":false}