{"cameraMode":{"drawMode":0,"name":"Shaded","section":"Shading Mode"},"sceneLighting":true,"audioPlay":false,"sceneViewState":{"showFog":true,"showMaterialUpdate":true,"showSkybox":true,"showFlares":true,"showImageEffects":true,"showParticleSystems":true},"in2DMode":false,"pivot":{"x":5.703765869140625,"y":1.4883124828338624,"z":5.44588565826416},"rotation":{"x":-0.10103971511125565,"y":-0.06204000860452652,"z":0.006320436019450426,"w":-0.992936909198761},"size":7.716280937194824,"orthographic":false}