{"cameraMode":{"drawMode":0,"name":"Shaded","section":"Shading Mode"},"sceneLighting":true,"audioPlay":false,"sceneViewState":{"showFog":true,"showMaterialUpdate":true,"showSkybox":true,"showFlares":true,"showImageEffects":true,"showParticleSystems":true},"in2DMode":false,"pivot":{"x":-5.0625200271606449,"y":-0.022880177944898607,"z":4.791390419006348},"rotation":{"x":-0.15015533566474915,"y":0.7157799005508423,"z":-0.16224907338619233,"w":-0.6624157428741455},"size":7.050055503845215,"orthographic":false}