{"cameraMode":{"drawMode":0,"name":"Shaded","section":"Shading Mode"},"sceneLighting":true,"audioPlay":false,"sceneViewState":{"showFog":true,"showMaterialUpdate":true,"showSkybox":true,"showFlares":true,"showImageEffects":true,"showParticleSystems":true},"in2DMode":false,"pivot":{"x":15.95952033996582,"y":16.755605697631837,"z":17.684049606323243},"rotation":{"x":-0.41602879762649538,"y":0.05505462735891342,"z":-0.025235388427972795,"w":-0.9073447585105896},"size":115.19358825683594,"orthographic":false}