{"cameraMode":{"drawMode":0,"name":"Shaded","section":"Shading Mode"},"sceneLighting":true,"audioPlay":false,"sceneViewState":{"showFog":true,"showMaterialUpdate":true,"showSkybox":false,"showFlares":true,"showImageEffects":true,"showParticleSystems":true,"showVisualEffectGraphs":true,"m_FxEnabled":true},"in2DMode":false,"pivot":{"x":511.7300109863281,"y":10.020000457763672,"z":503.8999938964844},"rotation":{"x":0.5447226762771606,"y":0.027085307985544206,"z":-0.01779361069202423,"w":0.8381865620613098},"size":1.6297751665115357,"orthographic":false}