{"cameraMode":{"drawMode":0,"name":"Shaded","section":"Shading Mode"},"sceneLighting":true,"audioPlay":false,"sceneViewState":{"showFog":true,"showMaterialUpdate":true,"showSkybox":false,"showFlares":true,"showImageEffects":true,"showParticleSystems":true,"showVisualEffectGraphs":true,"m_FxEnabled":true},"in2DMode":false,"pivot":{"x":499.55999755859377,"y":7.199999809265137,"z":479.45001220703127},"rotation":{"x":0.28867876529693606,"y":0.2514854967594147,"z":-0.07894130796194077,"w":0.9205600023269653},"size":1.6293975114822388,"orthographic":false}