{"cameraMode":{"drawMode":0,"name":"Shaded","section":"Shading Mode"},"sceneLighting":true,"audioPlay":false,"sceneViewState":{"showFog":true,"showMaterialUpdate":true,"showSkybox":true,"showFlares":true,"showImageEffects":true,"showParticleSystems":true,"showVisualEffectGraphs":true,"m_FxEnabled":true},"in2DMode":false,"pivot":{"x":-29.269390106201173,"y":3.1166114807128908,"z":-1.8409671783447266},"rotation":{"x":-0.39565446972846987,"y":0.012967372313141823,"z":-0.005529444664716721,"w":-0.9183199405670166},"size":14.630197525024414,"orthographic":false}