{"cameraMode":{"drawMode":0,"name":"Shaded","section":"Shading Mode"},"sceneLighting":true,"audioPlay":false,"sceneViewState":{"showFog":true,"showMaterialUpdate":true,"showSkybox":true,"showFlares":true,"showImageEffects":true,"showParticleSystems":true,"showVisualEffectGraphs":true,"m_FxEnabled":true},"in2DMode":false,"pivot":{"x":-33.85755157470703,"y":-0.026586532592773439,"z":-58.66413879394531},"rotation":{"x":0.4330713152885437,"y":-0.0013520437059924007,"z":0.0006496061687357724,"w":0.901358425617218},"size":25.626008987426759,"orthographic":false}