{"cameraMode":{"drawMode":0,"name":"Shaded","section":"Shading Mode"},"sceneLighting":true,"audioPlay":false,"sceneViewState":{"showFog":true,"showMaterialUpdate":true,"showSkybox":true,"showFlares":true,"showImageEffects":true,"showParticleSystems":true,"showVisualEffectGraphs":true,"m_FxEnabled":true},"in2DMode":false,"pivot":{"x":-33.257972717285159,"y":-4.404073715209961,"z":-51.41546630859375},"rotation":{"x":0.5390243530273438,"y":-0.016422485932707788,"z":0.010512272827327252,"w":0.8420674204826355},"size":19.324766159057618,"orthographic":false}