{"cameraMode":{"drawMode":0,"name":"Shaded","section":"Shading Mode"},"sceneLighting":true,"audioPlay":false,"sceneViewState":{"showFog":true,"showMaterialUpdate":true,"showSkybox":false,"showFlares":true,"showImageEffects":true,"showParticleSystems":true,"showVisualEffectGraphs":true,"m_FxEnabled":true},"in2DMode":false,"pivot":{"x":464.73834228515627,"y":9.699999809265137,"z":518.1088256835938},"rotation":{"x":0.2524237036705017,"y":-0.03399059548974037,"z":0.008736028335988522,"w":0.9671492576599121},"size":1.6293987035751343,"orthographic":false}