{"cameraMode":{"drawMode":0,"name":"Shaded","section":"Shading Mode"},"sceneLighting":true,"audioPlay":false,"sceneViewState":{"showFog":true,"showMaterialUpdate":true,"showSkybox":false,"showFlares":true,"showImageEffects":true,"showParticleSystems":true,"showVisualEffectGraphs":true,"m_FxEnabled":true},"in2DMode":false,"pivot":{"x":285.2799987792969,"y":17.799999237060548,"z":393.14239501953127},"rotation":{"x":0.30523622035980227,"y":-0.010575680993497372,"z":0.0033776413183659317,"w":0.9522413611412048},"size":2.1590018272399904,"orthographic":false}