{"cameraMode":{"drawMode":0,"name":"Shaded","section":"Shading Mode"},"sceneLighting":false,"audioPlay":false,"sceneViewState":{"showFog":true,"showMaterialUpdate":false,"showSkybox":false,"showFlares":true,"showImageEffects":true,"showParticleSystems":true,"showVisualEffectGraphs":true,"m_FxEnabled":true},"in2DMode":false,"pivot":{"x":-30.270000457763673,"y":0.7000000476837158,"z":-69.7300033569336},"rotation":{"x":0.5566433668136597,"y":-0.011214103549718857,"z":0.007515531498938799,"w":0.8306478261947632},"size":1.7916473150253297,"orthographic":false}